"","1","2","3","4","5","6"
"了解",0.00897556423861512,0,0,0,0,0
"人工智慧",0.0054798834548707,0.00143734647996609,0.0070142508222345,0,0.00674447194445625,0.00677341817597752
"人性化",0.00897556423861512,0,0,0,0,0
"人員",0.0055033420163929,0,0,0,0,0.0204072424985557
"人機",0.00897556423861512,0,0,0,0,0
"入研究",0.00897556423861512,0,0,0,0,0
"大家",0.00897556423861512,0,0,0,0,0
"大規模",0.0055033420163929,0,0,0,0,0.00680241416618522
"工<a7>",0.00203111979417068,0.00319651639738337,0,0.0017780015219488,0,0.010042274690492
"中科",0.0538533854316907,0,0,0,0,0
"之上",0.00897556423861512,0,0,0,0,0
"之稱",0.00897556423861512,0,0,0,0,0
"公司",0.00406223958834136,0.00159825819869168,0.00259983333653847,0.000592667173982934,0,0
"分享",0.0330200520983574,0.00866099727170031,0,0,0,0
"友善",0.00897556423861512,0,0,0,0,0
"文化",0.00897556423861512,0,0,0,0,0
"方式",0.00347222222222222,0,0,0.00202634245187437,0.00641025641025641,0
"日本",0.00203111979417068,0.00159825819869168,0,0.00118533434796587,0,0.00251056867262299
"以及",0.00203111979417068,0.00479477459607505,0.00519966667307694,0,0,0.00502113734524598
"他將",0.00897556423861512,0,0,0,0,0
"代表",0.0110066840327858,0,0.00704427778098292,0,0,0
"可期",0.00897556423861512,0,0,0,0,0
"另<a5>",0.00897556423861512,0,0,0,0,0
"尼黑",0.00897556423861512,0,0,0,0,0
"市場",0.0055033420163929,0,0.00704427778098292,0,0,0
"打造",0.0055033420163929,0,0,0,0,0.00680241416618522
"本次",0.0359022569544605,0,0,0,0,0
"未來",0.00812447917668272,0.00639303279476673,0.00259983333653847,0,0,0.00502113734524598
"生活化",0.00897556423861512,0,0,0,0,0
"交流",0.00694444444444444,0.00546448087431694,0.00444444444444444,0,0,0
"交流平台",0.00897556423861512,0,0,0,0,0
"先生",0.00897556423861512,0,0,0,0,0
"全球",0.00609335938251204,0.00159825819869168,0.00259983333653847,0,0,0.00502113734524598
"印尼",0.00897556423861512,0,0,0,0,0
"各界人士",0.00897556423861512,0,0,0,0,0
"合<a7>",0.00203111979417068,0.00639303279476673,0.00779950000961542,0.000592667173982934,0,0
"多次",0.00897556423861512,0,0,0,0,0
"如何",0.00694444444444444,0.00273224043715847,0,0.00101317122593718,0,0
"成員",0.0055033420163929,0,0.0140885555619658,0,0,0
"此<a5>",0.00897556423861512,0,0,0,0,0
"此次",0.00897556423861512,0,0,0,0,0
"自動化",0.00347222222222222,0,0,0,0.0192307692307692,0.00429184549356223
"自造",0.00897556423861512,0,0,0,0,0
"佛勞恩霍",0.00897556423861512,0,0,0,0,0
"技術",0,0,0,0,0,0
"汲取",0.00897556423861512,0,0,0,0,0
"系統",0.00203111979417068,0,0,0.000592667173982934,0.0412473558200815,0.00251056867262299
"谷歌",0.00897556423861512,0,0,0,0,0
"並獲",0.00897556423861512,0,0,0,0,0
"來台",0.00897556423861512,0,0,0,0,0
"來自",0.00406223958834136,0.00319651639738337,0,0.00118533434796587,0.00374975962000741,0
"來源",0,0,0,0,0,0
"兩位",0.00897556423861512,0,0,0,0,0
"其中",0.0055033420163929,0,0,0.00160583839992012,0,0
"協<a7>",0.00897556423861512,0,0,0,0,0
"受邀",0.00897556423861512,0,0,0,0,0
"姊妹",0.0179511284772302,0,0,0,0,0
"知名",0.00897556423861512,0,0,0,0,0
"前景",0.0055033420163929,0,0,0.00160583839992012,0,0
"契機",0.00897556423861512,0,0,0,0,0
"建立",0.00347222222222222,0,0.00444444444444444,0,0,0.00429184549356223
"建構",0.00897556423861512,0,0,0,0,0
"持續",0.00897556423861512,0,0,0,0,0
"查詢",0.00897556423861512,0,0,0,0,0
"活動",0.0055033420163929,0.00433049863585015,0,0,0,0
"相關",0.0055033420163929,0,0,0.00160583839992012,0,0
"研究",0.00406223958834136,0.00159825819869168,0,0,0.00374975962000741,0.00753170601786896
"研究所",0.00897556423861512,0,0,0,0,0
"研究<b0>",0.0055033420163929,0.00433049863585015,0,0,0,0
"科技部",0.00897556423861512,0,0,0,0,0
"科學",0.00897556423861512,0,0,0,0,0
"科學園區",0.0269266927158454,0,0,0,0,0
"美國",0.00694444444444444,0.00273224043715847,0,0,0,0.00858369098712446
"美國麻省理工學<b0>",0.00897556423861512,0,0,0,0,0
"計算機科學",0.00897556423861512,0,0,0,0,0
"負責人",0.0055033420163929,0,0,0.00160583839992012,0,0
"殊榮",0.00897556423861512,0,0,0,0,0
"泰國",0.00897556423861512,0,0,0,0,0
"能力",0.0055033420163929,0.00433049863585015,0,0,0,0
"高科技",0.00897556423861512,0,0,0,0,0
"高斯",0.00897556423861512,0,0,0,0,0
"高階",0.0055033420163929,0.00866099727170031,0,0,0,0
"參<a5>",0.0179511284772302,0,0,0,0,0
"國內",0.0110066840327858,0,0,0,0,0.00680241416618522
"國家",0.00203111979417068,0.00319651639738337,0.00259983333653847,0,0,0.0150634120357379
"國際",0.0538533854316907,0,0,0,0,0
"基地",0.00897556423861512,0,0,0,0,0
"執行長",0.00897556423861512,0,0,0,0,0
"專家",0.0448778211930756,0,0,0,0,0
"專<b7>",0.00347222222222222,0.00273224043715847,0,0.00101317122593718,0,0
"強化",0.00897556423861512,0,0,0,0,0
"理念",0.0055033420163929,0,0,0.00160583839992012,0,0
"產<ab>",0.00203111979417068,0.00479477459607505,0.00779950000961542,0.00237066869593174,0,0
"產<b7>",0.0173611111111111,0.00273224043715847,0.00888888888888889,0,0,0
"產學研",0.0179511284772302,0,0,0,0,0
"第<a4>",0.00897556423861512,0,0,0,0,0
"透過",0.00347222222222222,0.00546448087431694,0,0.00202634245187437,0,0
"傑出",0.0179511284772302,0,0,0,0,0
"最大",0.00897556423861512,0,0,0,0,0
"最新",0.00897556423861512,0,0,0,0,0
"創新",0.00406223958834136,0.00479477459607505,0.00259983333653847,0,0,0.00251056867262299
"創辦人",0.00897556423861512,0,0,0,0,0
"博士",0.0269266927158454,0,0,0,0,0
"場域",0.00897556423861512,0,0,0,0,0
"報名",0.0179511284772302,0,0,0,0,0
"尋求",0.0055033420163929,0,0,0.00160583839992012,0,0
"提供",0.00203111979417068,0,0.00259983333653847,0,0.00374975962000741,0.00502113734524598
"智慧",0.0203111979417068,0.00479477459607505,0.00779950000961542,0.00355600304389761,0,0
"期能",0.00897556423861512,0,0,0,0,0
"發表",0.00347222222222222,0.00273224043715847,0,0.00506585612968592,0,0
"發展",0.00456656954572559,0.00143734647996609,0.00116904180370575,0.000266498891422283,0,0.00225780605865917
"發展趨勢",0.0110066840327858,0.00866099727170031,0,0,0,0
"發源地",0.00897556423861512,0,0,0,0,0
"園區",0.0448778211930756,0,0,0,0,0
"感知",0.00897556423861512,0,0,0,0,0
"溝通",0.00897556423861512,0,0,0,0,0
"當地",0.00897556423861512,0,0,0,0,0
"經驗",0.0165100260491787,0.00433049863585015,0,0,0,0
"誠摯",0.00897556423861512,0,0,0,0,0
"資訊",0.00406223958834136,0.00159825819869168,0.00259983333653847,0.00474133739186347,0,0
"運算",0.0110066840327858,0.00433049863585015,0,0,0,0
"過濾法",0.00897556423861512,0,0,0,0,0
"電腦",0.00347222222222222,0.00273224043715847,0,0.00101317122593718,0,0
"圖靈獎",0.00897556423861512,0,0,0,0,0
"實驗室",0.0269266927158454,0,0,0,0,0
"對於",0.0055033420163929,0.00433049863585015,0,0,0,0
"演算",0.00897556423861512,0,0,0,0,0
"演講",0.00897556423861512,0,0,0,0,0
"管理局",0.0269266927158454,0,0,0,0,0
"精彩",0.00897556423861512,0,0,0,0,0
"網<a7>",0.00897556423861512,0,0,0,0,0
"網路",0.00203111979417068,0.00159825819869168,0.00259983333653847,0.000592667173982934,0,0
"蒞<c1>",0.0179511284772302,0,0,0,0,0
"製造",0.0269266927158454,0,0,0,0,0
"製造<b7>",0.00897556423861512,0,0,0,0,0
"輕人",0.00897556423861512,0,0,0,0,0
"領先",0.00897556423861512,0,0,0,0,0
"領域",0.00694444444444444,0.00273224043715847,0.00444444444444444,0,0,0
"齊聚",0.00897556423861512,0,0,0,0,0
"增<a5>",0.00897556423861512,0,0,0,0,0
"廣闊",0.00897556423861512,0,0,0,0,0
"廠商",0.00406223958834136,0.00159825819869168,0.0103993333461539,0.000592667173982934,0,0
"德國",0.0275167100819645,0,0,0,0,0.00680241416618522
"歐洲",0.00897556423861512,0,0,0,0,0
"歐美",0.00897556423861512,0,0,0,0,0
"諸多",0.0055033420163929,0.00433049863585015,0,0,0,0
"論壇",0.0173611111111111,0.0136612021857923,0.00444444444444444,0,0,0
"學人",0.00897556423861512,0,0,0,0,0
"擅長",0.00897556423861512,0,0,0,0,0
"操控",0.0055033420163929,0.00433049863585015,0,0,0,0
"橋樑",0.00897556423861512,0,0,0,0,0
"機械",0.00897556423861512,0,0,0,0,0
"機<b7>",0.000913313909145117,0.00143734647996609,0.00116904180370575,0.000266498891422283,0,0.00225780605865917
"機構",0.0165100260491787,0,0,0,0,0.00680241416618522
"機器人",0.0440267361311432,0.00433049863585015,0,0,0,0
"諾貝爾獎",0.00897556423861512,0,0,0,0,0
"踴躍",0.00897556423861512,0,0,0,0,0
"駭客",0.00897556423861512,0,0,0,0,0
"優勢",0.00347222222222222,0.00273224043715847,0.00444444444444444,0,0,0
"應用",0.00203111979417068,0.00479477459607505,0.00779950000961542,0.000592667173982934,0,0
"應用科學",0.00897556423861512,0,0,0,0,0
"獲得",0.00694444444444444,0,0.00444444444444444,0.00506585612968592,0,0
"講者",0.0055033420163929,0.00866099727170031,0,0,0,0
"講述",0.00897556423861512,0,0,0,0,0
"趨勢",0.0104166666666667,0.00273224043715847,0.00444444444444444,0,0,0
"邀請",0.0165100260491787,0.00866099727170031,0,0,0,0
"韓國",0.0055033420163929,0.00433049863585015,0,0,0,0
"競爭力",0.00897556423861512,0,0,0,0,0
"議題",0.0179511284772302,0,0,0,0,0
"歡迎",0.00897556423861512,0,0,0,0,0
"邏輯",0.0179511284772302,0,0,0,0,0
"人<a4>",0,0.00706273907300862,0,0,0,0
"人力",0,0.00706273907300862,0,0,0,0
"人工智能",0,0.00706273907300862,0,0,0,0
"人們",0,0.00273224043715847,0,0.00101317122593718,0,0.00429184549356223
"人資",0,0.00706273907300862,0,0,0,0
"人臉",0,0.00706273907300862,0,0,0,0
"人類",0,0.0129914959075505,0,0,0,0.0136048283323704
"大老",0,0.00706273907300862,0,0,0,0
"大量",0,0.00433049863585015,0,0,0,0.00680241416618522
"大<b7>",0,0.00706273907300862,0,0,0,0
"已經",0,0.00273224043715847,0.00888888888888889,0,0,0.00429184549356223
"不可",0,0.00706273907300862,0,0,0,0
"不同",0,0.0129914959075505,0,0.00160583839992012,0,0
"不長",0,0.00706273907300862,0,0,0,0
"不是",0,0.00433049863585015,0,0.00321167679984024,0,0
"中心",0,0.00433049863585015,0.00704427778098292,0,0,0
"中國",0,0.00546448087431694,0,0.00101317122593718,0,0.0600858369098712
"丹麥",0,0.00706273907300862,0,0,0,0
"之<a4>",0,0.00706273907300862,0,0,0,0
"五大",0,0.00706273907300862,0,0,0,0
"內部",0,0.00706273907300862,0,0,0,0
"分別",0,0.00706273907300862,0,0,0,0
"分析",0,0.00433049863585015,0,0,0.0101600160302638,0
"分則",0,0.00706273907300862,0,0,0,0
"分為",0,0.00706273907300862,0,0,0,0
"手機",0,0.00433049863585015,0,0.0465693135976834,0,0
"文件",0,0.00706273907300862,0,0,0,0
"主管",0,0.00433049863585015,0,0.00160583839992012,0,0
"主辦",0,0.00706273907300862,0,0,0,0
"主題",0,0.00433049863585015,0,0,0,0.00680241416618522
"出頭",0,0.00433049863585015,0.00704427778098292,0,0,0
"可以",0,0.00819672131147541,0,0.00101317122593718,0,0.00429184549356223
"只有",0,0.00273224043715847,0,0.0060790273556231,0,0.00429184549356223
"失<b7>",0,0.00706273907300862,0,0,0,0
"巨頭",0,0.00273224043715847,0.00888888888888889,0.00101317122593718,0,0
"市場趨勢",0,0.00433049863585015,0.00704427778098292,0,0,0
"本土",0,0.00433049863585015,0.00704427778098292,0,0,0
"用來",0,0.00273224043715847,0,0.00202634245187437,0.00641025641025641,0
"用於",0,0.00433049863585015,0,0.00160583839992012,0,0
"目前",0,0.00706273907300862,0,0,0,0
"企<b7>",0,0.00866099727170031,0.0211328333429487,0,0,0
"列印",0,0.00706273907300862,0,0,0,0
"各地",0,0.00706273907300862,0,0,0,0
"各式",0,0.00706273907300862,0,0,0,0
"地區",0,0.00706273907300862,0,0,0,0
"如果",0,0.00433049863585015,0,0.00321167679984024,0,0
"成本",0,0.00433049863585015,0.00704427778098292,0,0,0
"成果",0,0.00706273907300862,0,0,0,0
"有助於",0,0.00433049863585015,0,0,0,0.00680241416618522
"而言",0,0.00433049863585015,0,0,0.0101600160302638,0
"而是",0,0.0141254781460172,0,0,0,0
"自家",0,0.00706273907300862,0,0,0,0
"自動",0,0.00159825819869168,0,0.0017780015219488,0.00749951924001482,0.00251056867262299
"自然語言",0,0.00706273907300862,0,0,0,0
"行<b7>",0,0.0141254781460172,0,0,0,0
"但是",0,0.00706273907300862,0,0,0,0
"判<c2>",0,0.00706273907300862,0,0,0,0
"利用",0,0.00273224043715847,0.00444444444444444,0,0.00641025641025641,0
"即使",0,0.00433049863585015,0,0.00160583839992012,0,0
"序幕",0,0.00706273907300862,0,0,0,0
"快速",0,0.00273224043715847,0,0,0.00641025641025641,0.00429184549356223
"技能",0,0.00273224043715847,0,0.00101317122593718,0,0.00429184549356223
"改善",0,0.0282509562920345,0,0,0,0
"更好",0,0.00433049863585015,0,0.00321167679984024,0,0
"李<b6>",0,0.00706273907300862,0,0,0,0
"系列",0,0.00433049863585015,0,0.00321167679984024,0,0
"並非",0,0.00433049863585015,0,0.00160583839992012,0,0
"供應鏈",0,0.00706273907300862,0,0,0,0
"例如",0,0.00706273907300862,0,0,0,0
"兩者",0,0.00433049863585015,0,0.00160583839992012,0,0
"取代",0,0.0129914959075505,0,0,0,0.00680241416618522
"定位",0,0.00433049863585015,0,0.00160583839992012,0,0
"店家",0,0.00706273907300862,0,0,0,0
"延伸",0,0.00273224043715847,0.00444444444444444,0.00101317122593718,0,0
"彼此",0,0.00706273907300862,0,0,0,0
"性別",0,0.00433049863585015,0,0,0.0203200320605276,0
"所有",0,0.00433049863585015,0,0.00160583839992012,0,0
"服務",0,0.0129914959075505,0,0.00481751519976035,0,0
"林潔敏",0,0.0141254781460172,0,0,0,0
"物體",0,0.00706273907300862,0,0,0,0
"的確",0,0.00706273907300862,0,0,0,0
"直擊",0,0.00706273907300862,0,0,0,0
"表示",0,0.00159825819869168,0.00259983333653847,0.000592667173982934,0,0.00251056867262299
"金融貿易",0,0.00433049863585015,0.00704427778098292,0,0,0
"附<a5>",0,0.00706273907300862,0,0,0,0
"前來",0,0.0141254781460172,0,0,0,0
"前瞻",0,0.00706273907300862,0,0,0,0
"城市",0,0.00433049863585015,0,0,0,0.00680241416618522
"客服",0,0.00706273907300862,0,0,0,0
"建邦",0,0.00706273907300862,0,0,0,0
"思科",0,0.00706273907300862,0,0,0,0
"指出",0,0.00159825819869168,0.00259983333653847,0,0.00374975962000741,0.00251056867262299
"流<b5>",0,0.00433049863585015,0,0.00160583839992012,0,0
"為例",0,0.00433049863585015,0,0.00160583839992012,0,0
"相當",0,0.00433049863585015,0,0,0.0101600160302638,0
"科技",0,0.0245901639344262,0.00888888888888889,0,0,0.00858369098712446
"科技界",0,0.00433049863585015,0.00704427778098292,0,0,0
"科技<c0>",0,0.00706273907300862,0,0,0,0
"秋季",0,0.0216524931792508,0.0422656666858975,0,0,0
"重要",0,0.0141254781460172,0,0,0,0
"重量級",0,0.00706273907300862,0,0,0,0
"重新",0,0.00706273907300862,0,0,0,0
"重頭戲",0,0.00706273907300862,0,0,0,0
"降低",0,0.00706273907300862,0,0,0,0
"降到",0,0.00706273907300862,0,0,0,0
"首席",0,0.00706273907300862,0,0,0,0
"香港",0,0.0346439890868012,0.0422656666858975,0,0,0
"香港貿易發展局",0,0.00706273907300862,0,0,0,0
"展示",0,0.0141254781460172,0,0,0,0
"展在",0,0.00706273907300862,0,0,0,0
"展區",0,0.00706273907300862,0,0,0,0
"展<b7>",0,0.00706273907300862,0,0,0,0
"差率",0,0.0211882172190259,0,0,0,0
"時代",0,0.00273224043715847,0.00444444444444444,0.00101317122593718,0,0
"時間",0,0.00866099727170031,0,0.00160583839992012,0,0
"根據",0,0.00273224043715847,0,0.00303951367781155,0.00641025641025641,0
"病理",0,0.00706273907300862,0,0,0,0
"病理學家",0,0.00706273907300862,0,0,0,0
"能夠",0,0.00866099727170031,0.00704427778098292,0,0,0
"討論",0,0.00706273907300862,0,0,0,0
"除了",0,0.00433049863585015,0,0.00321167679984024,0,0
"高達",0,0.00433049863585015,0,0.00160583839992012,0,0
"副<c1>",0,0.00433049863585015,0,0.00160583839992012,0,0
"動線",0,0.00706273907300862,0,0,0,0
"區所花",0,0.00706273907300862,0,0,0,0
"商湯",0,0.0211882172190259,0,0,0,0
"基以",0,0.00706273907300862,0,0,0,0
"培<a8>",0,0.00706273907300862,0,0,0,0
"專區",0,0.00706273907300862,0,0,0,0
"強調",0,0.00273224043715847,0,0.00202634245187437,0,0.00429184549356223
"探討",0,0.00706273907300862,0,0,0,0
"接受",0,0.00433049863585015,0,0,0,0.00680241416618522
"接管",0,0.00706273907300862,0,0,0,0
"推動",0,0.00159825819869168,0.00259983333653847,0.000592667173982934,0,0.00251056867262299
"教<a8>",0,0.00433049863585015,0,0,0,0.0204072424985557
"眼中",0,0.00433049863585015,0,0.00160583839992012,0,0
"移動",0,0.00433049863585015,0,0.00160583839992012,0,0
"處理",0,0.00433049863585015,0,0.00481751519976035,0,0
"被視",0,0.00706273907300862,0,0,0,0
"這次",0,0.00433049863585015,0,0,0.0101600160302638,0
"這個",0,0.00273224043715847,0,0.00101317122593718,0.0256410256410256,0
"造成",0,0.00433049863585015,0,0,0.0203200320605276,0
"部份",0,0.00706273907300862,0,0,0,0
"部門",0,0.00706273907300862,0,0,0,0
"頂尖",0,0.00706273907300862,0,0,0,0
"創投",0,0.00706273907300862,0,0,0,0
"創造",0,0.00866099727170031,0,0,0,0.00680241416618522
"勞力",0,0.00706273907300862,0,0,0,0
"勞工",0,0.00706273907300862,0,0,0,0
"勞務",0,0.00706273907300862,0,0,0,0
"媒體",0,0.00433049863585015,0,0.00160583839992012,0,0
"掌握",0,0.00706273907300862,0,0,0,0
"提到",0,0.00433049863585015,0,0.00160583839992012,0,0
"揭<b6>",0,0.00706273907300862,0,0,0,0
"智慧型",0,0.00706273907300862,0,0,0,0
"無人",0,0.00706273907300862,0,0,0,0
"無限",0,0.00706273907300862,0,0,0,0
"虛擬實境",0,0.00706273907300862,0,0,0,0
"視覺",0,0.00433049863585015,0,0.00160583839992012,0,0
"買家",0,0.00706273907300862,0,0,0,0
"超過",0,0.00273224043715847,0.00444444444444444,0.00101317122593718,0,0
"進<a4>",0,0.00706273907300862,0,0,0,0
"進行",0,0.00433049863585015,0,0,0,0.00680241416618522
"進步",0,0.00706273907300862,0,0,0,0
"雲集",0,0.00433049863585015,0.00704427778098292,0,0,0
"微軟",0,0.00866099727170031,0.00704427778098292,0,0,0
"新創",0,0.0346439890868012,0.00704427778098292,0,0,0
"新報",0,0.00433049863585015,0.00704427778098292,0,0,0
"楊美",0,0.00706273907300862,0,0,0,0
"楊美基",0,0.00706273907300862,0,0,0,0
"當中",0,0.0141254781460172,0,0,0,0
"經濟",0,0.00433049863585015,0,0,0,0.0204072424985557
"電子產<ab>",0,0.0259829918151009,0.0422656666858975,0,0,0
"零售",0,0.00706273907300862,0,0,0,0
"零售<b7>",0,0.00706273907300862,0,0,0,0
"團隊",0,0.00546448087431694,0.00888888888888889,0,0.00641025641025641,0
"圖片",0,0.00273224043715847,0.00444444444444444,0.00202634245187437,0,0
"暢談",0,0.00866099727170031,0.00704427778098292,0,0,0
"管理",0,0.00706273907300862,0,0,0,0
"與<b7>",0,0.00706273907300862,0,0,0,0
"語言",0,0.00706273907300862,0,0,0,0
"輕視",0,0.00706273907300862,0,0,0,0
"需要",0,0.00433049863585015,0,0.00160583839992012,0,0
"價值",0,0.00706273907300862,0,0,0,0
"審查",0,0.00706273907300862,0,0,0,0
"德勤",0,0.00706273907300862,0,0,0,0
"數據分析",0,0.00706273907300862,0,0,0,0
"潮流",0,0.00706273907300862,0,0,0,0
"範疇",0,0.00706273907300862,0,0,0,0
"練習",0,0.00706273907300862,0,0,0,0
"請來",0,0.00706273907300862,0,0,0,0
"調查",0,0.00433049863585015,0,0,0,0.0136048283323704
"調查報告",0,0.00706273907300862,0,0,0,0
"調整",0,0.00433049863585015,0,0.00321167679984024,0,0
"銷售",0,0.00433049863585015,0.00704427778098292,0,0,0
"餘裕",0,0.00706273907300862,0,0,0,0
"駕駛",0,0.00433049863585015,0,0,0,0.00680241416618522
"學校",0,0.00706273907300862,0,0,0,0
"學習",0,0.00273224043715847,0,0.00810536980749747,0.0128205128205128,0
"學<b7>",0,0.00706273907300862,0,0,0,0
"橫跨",0,0.00706273907300862,0,0,0,0
"機器",0,0.00273224043715847,0,0.00810536980749747,0.00641025641025641,0
"諮詢",0,0.00706273907300862,0,0,0,0
"辨識",0,0.00546448087431694,0,0.00101317122593718,0,0.00429184549356223
"幫助",0,0.00866099727170031,0,0.00160583839992012,0,0
"應該",0,0.00706273907300862,0,0,0,0
"癌症",0,0.00706273907300862,0,0,0,0
"臉部",0,0.00433049863585015,0,0,0,0.00680241416618522
"襄盛<c1>",0,0.00706273907300862,0,0,0,0
"購物",0,0.0141254781460172,0,0,0,0
"還在",0,0.00706273907300862,0,0,0,0
"識別",0,0.00706273907300862,0,0,0,0
"關係",0,0.00706273907300862,0,0,0,0
"顧客",0,0.00706273907300862,0,0,0,0
"顯示",0,0.00706273907300862,0,0,0,0
"體驗",0,0.00433049863585015,0,0.00321167679984024,0,0
"薈萃",0,0.00706273907300862,0,0,0,0
"不夠",0,0,0.0114887222254274,0,0,0
"之間",0,0,0.0140885555619658,0,0,0.00680241416618522
"介面",0,0,0.0114887222254274,0,0,0
"化並",0,0,0.0114887222254274,0,0,0
"太高",0,0,0.0114887222254274,0,0,0
"太貴",0,0,0.0114887222254274,0,0,0
"主要",0,0,0.00444444444444444,0.00101317122593718,0.00641025641025641,0
"出席",0,0,0.0114887222254274,0,0,0
"台灣",0,0,0.00704427778098292,0.00160583839992012,0,0
"平台",0,0,0.00704427778098292,0,0.0101600160302638,0
"打算",0,0,0.0114887222254274,0,0,0
"正式",0,0,0.0114887222254274,0,0,0
"由於",0,0,0.00704427778098292,0,0.0101600160302638,0
"同樣",0,0,0.00704427778098292,0.00321167679984024,0,0
"各國",0,0,0.0114887222254274,0,0,0
"各種",0,0,0.0140885555619658,0.0112408687994408,0,0
"在於",0,0,0.00704427778098292,0,0,0.00680241416618522
"成立",0,0,0.0459548889017094,0,0,0
"成為",0,0,0.0114887222254274,0,0,0
"百家爭鳴",0,0,0.0114887222254274,0,0,0
"行列",0,0,0.0114887222254274,0,0,0
"希望",0,0,0.00704427778098292,0.00160583839992012,0,0
"投入",0,0,0.00704427778098292,0,0.0101600160302638,0
"並且",0,0,0.0114887222254274,0,0,0
"亞太",0,0,0.0459548889017094,0,0,0
"制訂",0,0,0.0114887222254274,0,0,0
"協助",0,0,0.00704427778098292,0.00160583839992012,0,0
"協商",0,0,0.0114887222254274,0,0,0
"招募",0,0,0.0114887222254274,0,0,0
"拓展",0,0,0.0114887222254274,0,0,0
"明確",0,0,0.0114887222254274,0,0,0
"門檻",0,0,0.0114887222254274,0,0,0
"宣布",0,0,0.00704427778098292,0,0.0101600160302638,0
"政府",0,0,0.00704427778098292,0,0,0.0204072424985557
"政策",0,0,0.0114887222254274,0,0,0
"科曼",0,0,0.0229774444508547,0,0,0
"致詞",0,0,0.0114887222254274,0,0,0
"香港貿發局",0,0,0.0229774444508547,0,0,0
"家具",0,0,0.0114887222254274,0,0,0
"容易",0,0,0.0114887222254274,0,0,0
"展上",0,0,0.0114887222254274,0,0,0
"展覽",0,0,0.0114887222254274,0,0,0
"核心",0,0,0.00704427778098292,0.00642335359968047,0,0
"浪潮",0,0,0.0114887222254274,0,0,0
"紛紛",0,0,0.0114887222254274,0,0,0
"高度重視",0,0,0.0114887222254274,0,0,0
"商<b7>",0,0,0.0689323333525642,0,0,0
"問題",0,0,0.00444444444444444,0.00101317122593718,0.0192307692307692,0
"將近",0,0,0.0114887222254274,0,0,0
"控制",0,0,0.0114887222254274,0,0,0
"推出",0,0,0.00704427778098292,0.00321167679984024,0,0
"率先",0,0,0.0114887222254274,0,0,0
"盛大",0,0,0.0114887222254274,0,0,0
"規範",0,0,0.0114887222254274,0,0,0
"通路",0,0,0.0114887222254274,0,0,0
"惡性競爭",0,0,0.0114887222254274,0,0,0
"智能",0,0,0.0459548889017094,0,0,0
"焦點",0,0,0.00704427778098292,0.00160583839992012,0,0
"無不",0,0,0.0114887222254274,0,0,0
"進軍",0,0,0.0114887222254274,0,0,0
"階段",0,0,0.0114887222254274,0,0,0
"雲端",0,0,0.0114887222254274,0,0,0
"傳統",0,0,0.00704427778098292,0.00481751519976035,0,0
"塗<be>",0,0,0.0689323333525642,0,0,0
"溫少文",0,0,0.0114887222254274,0,0,0
"萬家",0,0,0.0114887222254274,0,0,0
"董事長",0,0,0.0229774444508547,0,0,0
"遍佈",0,0,0.0114887222254274,0,0,0
"電工",0,0,0.0229774444508547,0,0,0
"電器產<ab>",0,0,0.0114887222254274,0,0,0
"實際",0,0,0.0229774444508547,0,0,0
"對<a5>",0,0,0.0114887222254274,0,0,0
"語音",0,0,0.0114887222254274,0,0,0
"趕上",0,0,0.0114887222254274,0,0,0
"億美元",0,0,0.0114887222254274,0,0,0
"儀式",0,0,0.0229774444508547,0,0,0
"標準",0,0,0.0114887222254274,0,0,0
"模式",0,0,0.00704427778098292,0.0112408687994408,0,0
"鋪路",0,0,0.0114887222254274,0,0,0
"橋梁",0,0,0.0114887222254274,0,0,0
"機制",0,0,0.0114887222254274,0,0,0
"燎罕",0,0,0.0459548889017094,0,0,0
"融資",0,0,0.0114887222254274,0,0,0
"應用<b5>",0,0,0.0114887222254274,0,0,0
"聯合",0,0,0.0114887222254274,0,0,0
"聯盟",0,0,0.0574436111271368,0,0,0
"避免",0,0,0.0114887222254274,0,0,0
"還不",0,0,0.0114887222254274,0,0,0
"藉由",0,0,0.0114887222254274,0,0,0
"類型",0,0,0.0114887222254274,0,0,0
"顯學",0,0,0.0114887222254274,0,0,0
"乃至",0,0,0,0.0026190096258573,0,0
"了嗎",0,0,0,0.0026190096258573,0,0
"人文",0,0,0,0.0026190096258573,0,0
"人物",0,0,0,0.0026190096258573,0,0
"三星",0,0,0,0.0026190096258573,0,0
"三款",0,0,0,0.0026190096258573,0,0
"下排",0,0,0,0.0026190096258573,0,0
"上排",0,0,0,0.0026190096258573,0,0
"上圖",0,0,0,0.0026190096258573,0,0
"口號",0,0,0,0.0026190096258573,0,0
"大小",0,0,0,0.0026190096258573,0,0
"大片",0,0,0,0.0026190096258573,0,0
"小心",0,0,0,0.0026190096258573,0,0
"工具",0,0,0,0.00160583839992012,0,0.00680241416618522
"已能",0,0,0,0.0026190096258573,0,0
"不少",0,0,0,0.0026190096258573,0,0
"不亞於",0,0,0,0.0026190096258573,0,0
"不到",0,0,0,0.0026190096258573,0,0
"不<b0>",0,0,0,0.0026190096258573,0,0
"不得不",0,0,0,0.0052380192517146,0,0
"不然",0,0,0,0.0026190096258573,0,0
"不僅",0,0,0,0.0052380192517146,0,0
"不僅如此",0,0,0,0.0026190096258573,0,0
"不<b7>",0,0,0,0.0078570288775719,0,0
"不解",0,0,0,0.0026190096258573,0,0
"不管",0,0,0,0.0026190096258573,0,0
"不輸給",0,0,0,0.0026190096258573,0,0
"之後",0,0,0,0.0052380192517146,0,0
"仍要",0,0,0,0.0026190096258573,0,0
"仍能",0,0,0,0.0026190096258573,0,0
"今天",0,0,0,0.0026190096258573,0,0
"今日",0,0,0,0.0026190096258573,0,0
"今<a6>",0,0,0,0.0026190096258573,0,0
"介紹",0,0,0,0.0026190096258573,0,0
"元件",0,0,0,0.0026190096258573,0,0
"分清",0,0,0,0.0026190096258573,0,0
"分割",0,0,0,0.0052380192517146,0,0
"分辨",0,0,0,0.0026190096258573,0,0
"太多",0,0,0,0.0078570288775719,0,0
"尤其",0,0,0,0.0026190096258573,0,0
"引入",0,0,0,0.0026190096258573,0,0
"心思",0,0,0,0.0026190096258573,0,0
"心情",0,0,0,0.0026190096258573,0,0
"手部",0,0,0,0.0026190096258573,0,0
"方向",0,0,0,0.0026190096258573,0,0
"方法",0,0,0,0.0026190096258573,0,0
"方面",0,0,0,0.00160583839992012,0,0.0136048283323704
"方案",0,0,0,0.0026190096258573,0,0
"方塊",0,0,0,0.0026190096258573,0,0
"日<b1>",0,0,0,0.0026190096258573,0,0
"月日",0,0,0,0.0026190096258573,0,0
"比如",0,0,0,0.0026190096258573,0,0
"比如說",0,0,0,0.0026190096258573,0,0
"比<b0>",0,0,0,0.0026190096258573,0,0
"比較",0,0,0,0.0026190096258573,0,0
"片源",0,0,0,0.0026190096258573,0,0
"主打",0,0,0,0.0026190096258573,0,0
"主流",0,0,0,0.0078570288775719,0,0
"以前",0,0,0,0.0026190096258573,0,0
"他們",0,0,0,0.00321167679984024,0,0.0272096566647409
"充足",0,0,0,0.0026190096258573,0,0
"出來",0,0,0,0.0026190096258573,0,0
"出風頭",0,0,0,0.0026190096258573,0,0
"出<b2>",0,0,0,0.00160583839992012,0.0304800480907915,0
"出眾",0,0,0,0.0026190096258573,0,0
"出錯",0,0,0,0.0026190096258573,0,0
"去<a6>",0,0,0,0.00321167679984024,0.0101600160302638,0
"去除",0,0,0,0.00160583839992012,0.0101600160302638,0
"可是",0,0,0,0.0026190096258573,0,0
"可能",0,0,0,0.00303951367781155,0.00641025641025641,0.00429184549356223
"另<a4>",0,0,0,0.0026190096258573,0,0
"只是",0,0,0,0.0130950481292865,0,0
"只要",0,0,0,0.0026190096258573,0,0
"只能",0,0,0,0.0026190096258573,0,0
"只能靠",0,0,0,0.0026190096258573,0,0
"左右",0,0,0,0.0026190096258573,0,0
"平板",0,0,0,0.0026190096258573,0,0
"打個比方",0,0,0,0.0026190096258573,0,0
"本文",0,0,0,0.00160583839992012,0.0101600160302638,0
"本表",0,0,0,0.0026190096258573,0,0
"本源",0,0,0,0.0026190096258573,0,0
"本質",0,0,0,0.0026190096258573,0,0
"正確",0,0,0,0.0026190096258573,0,0
"生意",0,0,0,0.0026190096258573,0,0
"用戶",0,0,0,0.0157140577551438,0,0
"由此",0,0,0,0.0026190096258573,0,0
"白平衡",0,0,0,0.0026190096258573,0,0
"立體",0,0,0,0.0052380192517146,0,0
"交給",0,0,0,0.0026190096258573,0,0
"任性",0,0,0,0.0026190096258573,0,0
"光圈",0,0,0,0.0026190096258573,0,0
"光源",0,0,0,0.0026190096258573,0,0
"光照",0,0,0,0.0026190096258573,0,0
"光線",0,0,0,0.0052380192517146,0,0
"光學",0,0,0,0.0026190096258573,0,0
"先拍",0,0,0,0.0026190096258573,0,0
"再用",0,0,0,0.0026190096258573,0,0
"再度",0,0,0,0.0026190096258573,0,0
"再嚓",0,0,0,0.0026190096258573,0,0
"列入",0,0,0,0.0026190096258573,0,0
"同日",0,0,0,0.0026190096258573,0,0
"同時",0,0,0,0.00160583839992012,0,0.00680241416618522
"同期",0,0,0,0.0052380192517146,0,0
"同僚",0,0,0,0.0026190096258573,0,0
"吊打",0,0,0,0.0026190096258573,0,0
"名前",0,0,0,0.0026190096258573,0,0
"名為",0,0,0,0.0052380192517146,0,0
"名單",0,0,0,0.0026190096258573,0,0
"合成",0,0,0,0.0183330673810011,0,0
"合適",0,0,0,0.00160583839992012,0.0203200320605276,0
"多少",0,0,0,0.0026190096258573,0,0
"好處",0,0,0,0.0026190096258573,0,0
"好評",0,0,0,0.0052380192517146,0,0
"如潮",0,0,0,0.0026190096258573,0,0
"安全",0,0,0,0.0026190096258573,0,0
"成<ab>",0,0,0,0.0026190096258573,0,0
"成績",0,0,0,0.0026190096258573,0,0
"有趣",0,0,0,0.0026190096258573,0,0
"有點",0,0,0,0.0026190096258573,0,0
"此時",0,0,0,0.0052380192517146,0,0
"考<bc>",0,0,0,0.0052380192517146,0,0
"耳機",0,0,0,0.0026190096258573,0,0
"自己",0,0,0,0.0052380192517146,0,0
"自拍",0,0,0,0.0026190096258573,0,0
"自拍鏡",0,0,0,0.0026190096258573,0,0
"自訂",0,0,0,0.0026190096258573,0,0
"自動記錄",0,0,0,0.0026190096258573,0,0
"至於",0,0,0,0.00160583839992012,0,0.00680241416618522
"行動",0,0,0,0.0026190096258573,0,0
"伸手不見五指",0,0,0,0.0026190096258573,0,0
"助手",0,0,0,0.0026190096258573,0,0
"即時",0,0,0,0.0026190096258573,0,0
"呈<b2>",0,0,0,0.0026190096258573,0,0
"吸引力",0,0,0,0.0026190096258573,0,0
"完全",0,0,0,0.00160583839992012,0.0101600160302638,0
"完成",0,0,0,0.0026190096258573,0,0
"快門",0,0,0,0.0235710866327157,0,0
"快門速度",0,0,0,0.0026190096258573,0,0
"我們",0,0,0,0.0078570288775719,0,0
"抖動",0,0,0,0.0026190096258573,0,0
"抖糊掉",0,0,0,0.0026190096258573,0,0
"找到",0,0,0,0.0052380192517146,0,0
"抓住",0,0,0,0.0026190096258573,0,0
"抓取",0,0,0,0.0026190096258573,0,0
"抓拍",0,0,0,0.0026190096258573,0,0
"改造",0,0,0,0.0026190096258573,0,0
"改變",0,0,0,0.00160583839992012,0.0101600160302638,0
"更多",0,0,0,0.0026190096258573,0,0
"更新",0,0,0,0.0026190096258573,0,0
"步步",0,0,0,0.0026190096258573,0,0
"步驟",0,0,0,0.0026190096258573,0,0
"每<a6>",0,0,0,0.0026190096258573,0,0
"每個",0,0,0,0.0026190096258573,0,0
"每張",0,0,0,0.0026190096258573,0,0
"沒人能",0,0,0,0.0026190096258573,0,0
"沒有",0,0,0,0.0209520770068584,0,0
"足夠",0,0,0,0.0052380192517146,0,0
"身影",0,0,0,0.0026190096258573,0,0
"那麼",0,0,0,0.0026190096258573,0,0
"那顆",0,0,0,0.0026190096258573,0,0
"亞馬遜",0,0,0,0.00160583839992012,0.0101600160302638,0
"依靠",0,0,0,0.0026190096258573,0,0
"依舊",0,0,0,0.0104760385034292,0,0
"使用",0,0,0,0.0052380192517146,0,0
"來看",0,0,0,0.0026190096258573,0,0
"來點",0,0,0,0.0026190096258573,0,0
"兩代",0,0,0,0.0026190096258573,0,0
"兩次",0,0,0,0.0026190096258573,0,0
"兩種",0,0,0,0.0052380192517146,0,0
"具體來說",0,0,0,0.0026190096258573,0,0
"其他",0,0,0,0.00506585612968592,0.00641025641025641,0.00429184549356223
"其實",0,0,0,0.0052380192517146,0,0
"取景",0,0,0,0.0052380192517146,0,0
"取景器",0,0,0,0.0052380192517146,0,0
"取樣",0,0,0,0.0026190096258573,0,0
"受到",0,0,0,0.0026190096258573,0,0
"呼叫",0,0,0,0.0026190096258573,0,0
"底層",0,0,0,0.0078570288775719,0,0
"延展",0,0,0,0.0026190096258573,0,0
"延遲",0,0,0,0.0052380192517146,0,0
"所以",0,0,0,0.0078570288775719,0,0
"所說",0,0,0,0.0026190096258573,0,0
"拍出",0,0,0,0.0078570288775719,0,0
"拍到",0,0,0,0.0026190096258573,0,0
"拍得",0,0,0,0.0026190096258573,0,0
"拍照",0,0,0,0.0288091058844303,0,0
"拍攝",0,0,0,0.0078570288775719,0,0
"放大",0,0,0,0.0104760385034292,0,0
"放在",0,0,0,0.0026190096258573,0,0
"明顯",0,0,0,0.0026190096258573,0,0
"東西",0,0,0,0.0026190096258573,0,0
"物理",0,0,0,0.0078570288775719,0,0
"狀態",0,0,0,0.0026190096258573,0,0
"玩具",0,0,0,0.0026190096258573,0,0
"玩法",0,0,0,0.0052380192517146,0,0
"的雙",0,0,0,0.0026190096258573,0,0
"知道",0,0,0,0.0104760385034292,0,0
"初代",0,0,0,0.0026190096258573,0,0
"表行",0,0,0,0.0026190096258573,0,0
"表面",0,0,0,0.0052380192517146,0,0
"近期",0,0,0,0.0026190096258573,0,0
"亮度",0,0,0,0.0026190096258573,0,0
"亮相",0,0,0,0.0026190096258573,0,0
"保持",0,0,0,0.0052380192517146,0,0
"保留",0,0,0,0.0052380192517146,0,0
"保證",0,0,0,0.0052380192517146,0,0
"前文",0,0,0,0.0026190096258573,0,0
"前後",0,0,0,0.0052380192517146,0,0
"前置",0,0,0,0.0052380192517146,0,0
"度圖",0,0,0,0.0026190096258573,0,0
"很多",0,0,0,0.0026190096258573,0,0
"後景",0,0,0,0.0026190096258573,0,0
"後置",0,0,0,0.0052380192517146,0,0
"後選",0,0,0,0.0026190096258573,0,0
"思路",0,0,0,0.0026190096258573,0,0
"思維",0,0,0,0.0026190096258573,0,0
"怎樣",0,0,0,0.0026190096258573,0,0
"按下",0,0,0,0.0052380192517146,0,0
"按照",0,0,0,0.0026190096258573,0,0
"挑選",0,0,0,0.0026190096258573,0,0
"是將",0,0,0,0.0026190096258573,0,0
"昨<a9>",0,0,0,0.0026190096258573,0,0
"流行",0,0,0,0.0026190096258573,0,0
"玻璃杯",0,0,0,0.0026190096258573,0,0
"界限",0,0,0,0.0026190096258573,0,0
"相機",0,0,0,0.0078570288775719,0,0
"看用",0,0,0,0.0026190096258573,0,0
"看來",0,0,0,0.0052380192517146,0,0
"看到",0,0,0,0.00802919199960059,0,0.00680241416618522
"看過",0,0,0,0.0026190096258573,0,0
"突<af>",0,0,0,0.0026190096258573,0,0
"背景",0,0,0,0.00321167679984024,0,0.00680241416618522
"計算",0,0,0,0.0078570288775719,0,0
"計算力",0,0,0,0.0026190096258573,0,0
"重心",0,0,0,0.0026190096258573,0,0
"重新整理",0,0,0,0.0026190096258573,0,0
"面對",0,0,0,0.0026190096258573,0,0
"首先",0,0,0,0.0026190096258573,0,0
"首發",0,0,0,0.0026190096258573,0,0
"值<b3>",0,0,0,0.0026190096258573,0,0
"借助",0,0,0,0.0052380192517146,0,0
"個個",0,0,0,0.0026190096258573,0,0
"剔除",0,0,0,0.0026190096258573,0,0
"剝離技術",0,0,0,0.0026190096258573,0,0
"原本",0,0,0,0.0052380192517146,0,0
"哪些",0,0,0,0.0052380192517146,0,0
"哪怕",0,0,0,0.0078570288775719,0,0
"展<b6>",0,0,0,0.0026190096258573,0,0
"差異",0,0,0,0.0052380192517146,0,0
"拿下",0,0,0,0.0052380192517146,0,0
"捕捉",0,0,0,0.0026190096258573,0,0
"效果",0,0,0,0.0104760385034292,0,0
"時刻",0,0,0,0.0026190096258573,0,0
"時<b7>",0,0,0,0.0026190096258573,0,0
"時機",0,0,0,0.0026190096258573,0,0
"框選",0,0,0,0.0052380192517146,0,0
"根究",0,0,0,0.0026190096258573,0,0
"桑德爾",0,0,0,0.0026190096258573,0,0
"消費者",0,0,0,0.0052380192517146,0,0
"特爾",0,0,0,0.0026190096258573,0,0
"神祕",0,0,0,0.0026190096258573,0,0
"神經",0,0,0,0.0026190096258573,0,0
"紐約",0,0,0,0.0026190096258573,0,0
"能將",0,0,0,0.0026190096258573,0,0
"記錄",0,0,0,0.0026190096258573,0,0
"訓練",0,0,0,0.0026190096258573,0,0
"除此之<a5>",0,0,0,0.0026190096258573,0,0
"鬼影",0,0,0,0.0026190096258573,0,0
"做成",0,0,0,0.0026190096258573,0,0
"偏移",0,0,0,0.0026190096258573,0,0
"動力",0,0,0,0.0026190096258573,0,0
"動態",0,0,0,0.0026190096258573,0,0
"區別",0,0,0,0.0026190096258573,0,0
"區域",0,0,0,0.0026190096258573,0,0
"參與",0,0,0,0.0078570288775719,0,0
"參數",0,0,0,0.0052380192517146,0,0
"唯獨",0,0,0,0.0026190096258573,0,0
"堆<c5>",0,0,0,0.0026190096258573,0,0
"基本",0,0,0,0.0026190096258573,0,0
"基<a6>",0,0,0,0.0026190096258573,0,0
"基於",0,0,0,0.0078570288775719,0,0
"基礎",0,0,0,0.0026190096258573,0,0
"夠多",0,0,0,0.0026190096258573,0,0
"專門",0,0,0,0.0052380192517146,0,0
"專屬",0,0,0,0.0026190096258573,0,0
"帶來",0,0,0,0.00321167679984024,0,0.00680241416618522
"張之多",0,0,0,0.0026190096258573,0,0
"強大",0,0,0,0.0052380192517146,0,0
"得分",0,0,0,0.0026190096258573,0,0
"得出",0,0,0,0.0026190096258573,0,0
"得到",0,0,0,0.0052380192517146,0,0
"情況",0,0,0,0.00321167679984024,0.0101600160302638,0
"探求",0,0,0,0.0026190096258573,0,0
"授權",0,0,0,0.00160583839992012,0.0101600160302638,0
"採用",0,0,0,0.0026190096258573,0,0
"採訪",0,0,0,0.0026190096258573,0,0
"採集",0,0,0,0.0026190096258573,0,0
"掏空",0,0,0,0.0026190096258573,0,0
"啟示",0,0,0,0.0026190096258573,0,0
"啟動",0,0,0,0.0026190096258573,0,0
"淡化",0,0,0,0.0026190096258573,0,0
"清晰度",0,0,0,0.0026190096258573,0,0
"理解",0,0,0,0.0026190096258573,0,0
"產生",0,0,0,0.0026190096258573,0,0
"畢竟",0,0,0,0.0052380192517146,0,0
"眼前",0,0,0,0.0052380192517146,0,0
"第二代",0,0,0,0.0026190096258573,0,0
"第二家",0,0,0,0.0026190096258573,0,0
"細<b8>",0,0,0,0.0052380192517146,0,0
"組合",0,0,0,0.0052380192517146,0,0
"處理速度",0,0,0,0.0026190096258573,0,0
"處理單元",0,0,0,0.0026190096258573,0,0
"處理器",0,0,0,0.0078570288775719,0,0
"規格",0,0,0,0.0026190096258573,0,0
"軟體",0,0,0,0.00481751519976035,0.0101600160302638,0
"這<a4>",0,0,0,0.0026190096258573,0,0
"這份",0,0,0,0.0026190096258573,0,0
"這並",0,0,0,0.0026190096258573,0,0
"這些",0,0,0,0.00481751519976035,0.0101600160302638,0
"這是",0,0,0,0.0052380192517146,0,0
"這款",0,0,0,0.0052380192517146,0,0
"這種",0,0,0,0.00481751519976035,0,0.00680241416618522
"這樣",0,0,0,0.00160583839992012,0.0101600160302638,0
"這顆",0,0,0,0.0026190096258573,0,0
"這類",0,0,0,0.0052380192517146,0,0
"通見",0,0,0,0.0026190096258573,0,0
"連續",0,0,0,0.0078570288775719,0,0
"部分",0,0,0,0.0078570288775719,0,0
"都僅",0,0,0,0.0026190096258573,0,0
"閉眼",0,0,0,0.0026190096258573,0,0
"備受",0,0,0,0.0026190096258573,0,0
"最多",0,0,0,0.0026190096258573,0,0
"最低",0,0,0,0.0026190096258573,0,0
"最佳",0,0,0,0.0026190096258573,0,0
"最高",0,0,0,0.00160583839992012,0,0.0136048283323704
"最終",0,0,0,0.0157140577551438,0,0
"最讓人",0,0,0,0.0026190096258573,0,0
"創下",0,0,0,0.0026190096258573,0,0
"喜歡",0,0,0,0.0026190096258573,0,0
"喇叭",0,0,0,0.0026190096258573,0,0
"單反",0,0,0,0.0026190096258573,0,0
"單純",0,0,0,0.0078570288775719,0,0
"單眼",0,0,0,0.0026190096258573,0,0
"圍繞",0,0,0,0.0026190096258573,0,0
"場景",0,0,0,0.0104760385034292,0,0
"報道",0,0,0,0.0026190096258573,0,0
"就是",0,0,0,0.0052380192517146,0,0
"就算",0,0,0,0.0052380192517146,0,0
"提出",0,0,0,0.0026190096258573,0,0
"提高",0,0,0,0.0026190096258573,0,0
"換手",0,0,0,0.0026190096258573,0,0
"散發出",0,0,0,0.0026190096258573,0,0
"普及",0,0,0,0.0026190096258573,0,0
"景<b2>",0,0,0,0.0052380192517146,0,0
"期待",0,0,0,0.0026190096258573,0,0
"椅子",0,0,0,0.0026190096258573,0,0
"焦段",0,0,0,0.0026190096258573,0,0
"無法",0,0,0,0.00160583839992012,0.0101600160302638,0
"無非",0,0,0,0.0026190096258573,0,0
"無從談<b0>",0,0,0,0.0026190096258573,0,0
"無視",0,0,0,0.0026190096258573,0,0
"無疑",0,0,0,0.0026190096258573,0,0
"然後",0,0,0,0.0052380192517146,0,0
"畫面",0,0,0,0.0026190096258573,0,0
"痛點",0,0,0,0.0026190096258573,0,0
"登頂",0,0,0,0.0026190096258573,0,0
"硬體",0,0,0,0.0314281155102876,0,0
"等同",0,0,0,0.0026190096258573,0,0
"筆帶過",0,0,0,0.0026190096258573,0,0
"虛化",0,0,0,0.0078570288775719,0,0
"評分",0,0,0,0.0026190096258573,0,0
"評語",0,0,0,0.0026190096258573,0,0
"評價",0,0,0,0.0026190096258573,0,0
"超級",0,0,0,0.0026190096258573,0,0
"超高",0,0,0,0.0026190096258573,0,0
"進階",0,0,0,0.0026190096258573,0,0
"量化",0,0,0,0.0026190096258573,0,0
"集體照",0,0,0,0.0026190096258573,0,0
"黑暗",0,0,0,0.0026190096258573,0,0
"僅供參考",0,0,0,0.0026190096258573,0,0
"僅是",0,0,0,0.0026190096258573,0,0
"傻瓜化",0,0,0,0.0026190096258573,0,0
"媲美",0,0,0,0.0026190096258573,0,0
"意味著",0,0,0,0.0052380192517146,0,0
"感光",0,0,0,0.0026190096258573,0,0
"感測器",0,0,0,0.0052380192517146,0,0
"想要",0,0,0,0.0026190096258573,0,0
"愛范兒",0,0,0,0.0026190096258573,0,0
"搜尋",0,0,0,0.0026190096258573,0,0
"新<ab>",0,0,0,0.0026190096258573,0,0
"新紀錄",0,0,0,0.0026190096258573,0,0
"暗光",0,0,0,0.0052380192517146,0,0
"暗地",0,0,0,0.0026190096258573,0,0
"概念",0,0,0,0.0026190096258573,0,0
"照片",0,0,0,0.0471421732654314,0,0
"當<a7>",0,0,0,0.0026190096258573,0,0
"當初",0,0,0,0.0026190096258573,0,0
"當時",0,0,0,0.0026190096258573,0,0
"當然",0,0,0,0.0026190096258573,0,0
"碰到",0,0,0,0.0026190096258573,0,0
"萬能",0,0,0,0.0026190096258573,0,0
"經理",0,0,0,0.0026190096258573,0,0
"解決",0,0,0,0.0026190096258573,0,0
"解決問題",0,0,0,0.0026190096258573,0,0
"解析度",0,0,0,0.0052380192517146,0,0
"資料",0,0,0,0.0052380192517146,0,0
"資格",0,0,0,0.0026190096258573,0,0
"較大",0,0,0,0.0026190096258573,0,0
"運動",0,0,0,0.0026190096258573,0,0
"道理",0,0,0,0.0026190096258573,0,0
"達成",0,0,0,0.0026190096258573,0,0
"過<b5>",0,0,0,0.00321167679984024,0.0101600160302638,0
"隔壁",0,0,0,0.0026190096258573,0,0
"像素",0,0,0,0.0183330673810011,0,0
"嘗試",0,0,0,0.00160583839992012,0.0101600160302638,0
"實力",0,0,0,0.0026190096258573,0,0
"對映",0,0,0,0.0026190096258573,0,0
"對焦",0,0,0,0.0026190096258573,0,0
"徹底解決",0,0,0,0.0026190096258573,0,0
"截圖",0,0,0,0.0052380192517146,0,0
"旗艦",0,0,0,0.0026190096258573,0,0
"構圖",0,0,0,0.0026190096258573,0,0
"演算法",0,0,0,0.0288091058844303,0,0
"演講人",0,0,0,0.0026190096258573,0,0
"漲到",0,0,0,0.0026190096258573,0,0
"精準",0,0,0,0.0052380192517146,0,0
"精選",0,0,0,0.0026190096258573,0,0
"緊逼",0,0,0,0.0026190096258573,0,0
"網格",0,0,0,0.0026190096258573,0,0
"說白了",0,0,0,0.0026190096258573,0,0
"說法",0,0,0,0.0026190096258573,0,0
"輔助",0,0,0,0.0026190096258573,0,0
"輕微",0,0,0,0.0026190096258573,0,0
"廣角鏡頭",0,0,0,0.0026190096258573,0,0
"廣度",0,0,0,0.0026190096258573,0,0
"影片",0,0,0,0.0052380192517146,0,0
"影像",0,0,0,0.0235710866327157,0,0
"影響",0,0,0,0.00160583839992012,0,0.00680241416618522
"數秒",0,0,0,0.0026190096258573,0,0
"數值",0,0,0,0.0026190096258573,0,0
"數張",0,0,0,0.0026190096258573,0,0
"樣子",0,0,0,0.0026190096258573,0,0
"標籤",0,0,0,0.0026190096258573,0,0
"模型",0,0,0,0.0026190096258573,0,0
"模糊",0,0,0,0.0052380192517146,0,0
"確實",0,0,0,0.0026190096258573,0,0
"範本",0,0,0,0.0026190096258573,0,0
"範圍",0,0,0,0.0052380192517146,0,0
"緩衝區",0,0,0,0.0026190096258573,0,0
"賣點",0,0,0,0.0026190096258573,0,0
"適用",0,0,0,0.0026190096258573,0,0
"適用於",0,0,0,0.0026190096258573,0,0
"噪點",0,0,0,0.0026190096258573,0,0
"擁有",0,0,0,0.0026190096258573,0,0
"整個",0,0,0,0.0026190096258573,0,0
"橫評",0,0,0,0.0026190096258573,0,0
"機身",0,0,0,0.0026190096258573,0,0
"歷屆",0,0,0,0.0026190096258573,0,0
"獨立",0,0,0,0.0052380192517146,0,0
"獨步天下",0,0,0,0.0026190096258573,0,0
"親自",0,0,0,0.0026190096258573,0,0
"親兒子",0,0,0,0.0026190096258573,0,0
"辦法",0,0,0,0.0026190096258573,0,0
"選擇",0,0,0,0.0078570288775719,0,0
"靜止不動",0,0,0,0.0026190096258573,0,0
"優先",0,0,0,0.0052380192517146,0,0
"優秀",0,0,0,0.0026190096258573,0,0
"懂得",0,0,0,0.0026190096258573,0,0
"環境",0,0,0,0.0052380192517146,0,0
"瞬間",0,0,0,0.0026190096258573,0,0
"糟<bf>",0,0,0,0.0052380192517146,0,0
"縮短",0,0,0,0.0026190096258573,0,0
"繁雜",0,0,0,0.0026190096258573,0,0
"聰明",0,0,0,0.0026190096258573,0,0
"還有",0,0,0,0.0130950481292865,0,0
"還是",0,0,0,0.0052380192517146,0,0
"還要",0,0,0,0.0026190096258573,0,0
"還能",0,0,0,0.0026190096258573,0,0
"還將",0,0,0,0.0026190096258573,0,0
"還對",0,0,0,0.0026190096258573,0,0
"還讓",0,0,0,0.0026190096258573,0,0
"雖然",0,0,0,0.00321167679984024,0.0203200320605276,0
"簡單",0,0,0,0.00160583839992012,0.0101600160302638,0
"藉助",0,0,0,0.0052380192517146,0,0
"轉載",0,0,0,0.00160583839992012,0.0101600160302638,0
"曝光",0,0,0,0.0052380192517146,0,0
"穩定",0,0,0,0.0026190096258573,0,0
"鏡頭",0,0,0,0.0445231636395741,0,0
"難道",0,0,0,0.0026190096258573,0,0
"類似",0,0,0,0.0026190096258573,0,0
"蘋果",0,0,0,0.0078570288775719,0,0
"屬於",0,0,0,0.0052380192517146,0,0
"攝影",0,0,0,0.0157140577551438,0,0
"攝影師",0,0,0,0.0052380192517146,0,0
"欄杆",0,0,0,0.0026190096258573,0,0
"犧牲",0,0,0,0.0026190096258573,0,0
"驅動",0,0,0,0.0026190096258573,0,0
"變化",0,0,0,0.0026190096258573,0,0
"變得",0,0,0,0.0026190096258573,0,0
"變焦",0,0,0,0.0157140577551438,0,0
"顯然",0,0,0,0.0104760385034292,0,0
"體<b2>",0,0,0,0.0026190096258573,0,0
"人事部",0,0,0,0,0.0165702724405202,0
"人選",0,0,0,0,0.0331405448810405,0
"大部分",0,0,0,0,0.0165702724405202,0
"女性",0,0,0,0,0.0331405448810405,0
"不再",0,0,0,0,0.0165702724405202,0
"不過",0,0,0,0,0.0165702724405202,0
"五星",0,0,0,0,0.0165702724405202,0
"反映",0,0,0,0,0.0165702724405202,0
"方便",0,0,0,0,0.0165702724405202,0
"以來",0,0,0,0,0.0165702724405202,0
"令人",0,0,0,0,0.0165702724405202,0
"可為",0,0,0,0,0.0165702724405202,0
"打分數",0,0,0,0,0.0165702724405202,0
"未必",0,0,0,0,0.0165702724405202,0
"目標",0,0,0,0,0.0165702724405202,0
"扣分",0,0,0,0,0.0165702724405202,0
"免除",0,0,0,0,0.0165702724405202,0
"決定",0,0,0,0,0.0165702724405202,0
"男性",0,0,0,0,0.0165702724405202,0
"系統對",0,0,0,0,0.0331405448810405,0
"並不",0,0,0,0,0.0165702724405202,0
"事件",0,0,0,0,0.0165702724405202,0
"招聘",0,0,0,0,0.0497108173215607,0
"放入",0,0,0,0,0.0165702724405202,0
"直接",0,0,0,0,0.0165702724405202,0
"紀錄",0,0,0,0,0.0165702724405202,0
"原先",0,0,0,0,0.0165702724405202,0
"原<a6>",0,0,0,0,0.0165702724405202,0
"消息人士",0,0,0,0,0.0165702724405202,0
"偏見",0,0,0,0,0.0662810897620809,0
"商<ab>",0,0,0,0,0.0165702724405202,0
"從來不",0,0,0,0,0.0165702724405202,0
"棄用",0,0,0,0,0.0331405448810405,0
"透露",0,0,0,0,0.0165702724405202,0
"最合適",0,0,0,0,0.0165702724405202,0
"最近",0,0,0,0,0.0165702724405202,0
"尋找",0,0,0,0,0.0165702724405202,0
"減少",0,0,0,0,0.0165702724405202,0
"發者",0,0,0,0,0.0165702724405202,0
"發<b2>",0,0,0,0,0.0101600160302638,0.00680241416618522
"結果",0,0,0,0,0.0165702724405202,0
"意<a5>",0,0,0,0,0.0165702724405202,0
"想像中",0,0,0,0,0.0165702724405202,0
"準則",0,0,0,0,0.0165702724405202,0
"聘用",0,0,0,0,0.0331405448810405,0
"運<a7>",0,0,0,0,0.0165702724405202,0
"實驗性",0,0,0,0,0.0165702724405202,0
"盡量",0,0,0,0,0.0165702724405202,0
"種族",0,0,0,0,0.0165702724405202,0
"與<a7>",0,0,0,0,0.0165702724405202,0
"審核",0,0,0,0,0.0165702724405202,0
"履歷表",0,0,0,0,0.0497108173215607,0
"數據",0,0,0,0,0.0331405448810405,0
"確保",0,0,0,0,0.0165702724405202,0
"複雜",0,0,0,0,0.0165702724405202,0
"篩選",0,0,0,0,0.0165702724405202,0
"輸入",0,0,0,0,0.0165702724405202,0
"應徵者",0,0,0,0,0.0497108173215607,0
"獲聘",0,0,0,0,0.0165702724405202,0
"職位",0,0,0,0,0.0165702724405202,0
"證明",0,0,0,0,0.0165702724405202,0
"人口",0,0,0,0,0,0.0110942596597475
"人民",0,0,0,0,0,0.0221885193194949
"三分之二",0,0,0,0,0,0.0110942596597475
"小學",0,0,0,0,0,0.0110942596597475
"中國政府",0,0,0,0,0,0.0221885193194949
"中學",0,0,0,0,0,0.0110942596597475
"什麼",0,0,0,0,0,0.0110942596597475
"仍然",0,0,0,0,0,0.0110942596597475
"分之三",0,0,0,0,0,0.0110942596597475
"友好",0,0,0,0,0,0.0110942596597475
"引領",0,0,0,0,0,0.0110942596597475
"比例",0,0,0,0,0,0.0110942596597475
"平均",0,0,0,0,0,0.0221885193194949
"正在",0,0,0,0,0,0.0110942596597475
"正規",0,0,0,0,0,0.0221885193194949
"生活",0,0,0,0,0,0.0110942596597475
"生態系統",0,0,0,0,0,0.0110942596597475
"全國",0,0,0,0,0,0.0110942596597475
"同意",0,0,0,0,0,0.0110942596597475
"成<a5>",0,0,0,0,0,0.0110942596597475
"成長",0,0,0,0,0,0.0221885193194949
"而且",0,0,0,0,0,0.0221885193194949
"西班牙",0,0,0,0,0,0.0110942596597475
"別的",0,0,0,0,0,0.0110942596597475
"投資",0,0,0,0,0,0.0110942596597475
"投資者",0,0,0,0,0,0.0110942596597475
"改革",0,0,0,0,0,0.0110942596597475
"私營企<b7>",0,0,0,0,0,0.0110942596597475
"並在",0,0,0,0,0,0.0110942596597475
"到來",0,0,0,0,0,0.0110942596597475
"受益",0,0,0,0,0,0.0110942596597475
"所有人",0,0,0,0,0,0.0110942596597475
"法國",0,0,0,0,0,0.0110942596597475
"知識",0,0,0,0,0,0.0221885193194949
"社<b7>",0,0,0,0,0,0.0221885193194949
"信心",0,0,0,0,0,0.0110942596597475
"信任",0,0,0,0,0,0.0110942596597475
"俄羅斯",0,0,0,0,0,0.0110942596597475
"很快",0,0,0,0,0,0.0110942596597475
"指標",0,0,0,0,0,0.0110942596597475
"為何",0,0,0,0,0,0.0110942596597475
"甚至",0,0,0,0,0,0.0110942596597475
"相信",0,0,0,0,0,0.0221885193194949
"相較",0,0,0,0,0,0.0110942596597475
"看成",0,0,0,0,0,0.0110942596597475
"看待",0,0,0,0,0,0.0110942596597475
"消費市場",0,0,0,0,0,0.0110942596597475
"納入",0,0,0,0,0,0.0110942596597475
"培養",0,0,0,0,0,0.0110942596597475
"將為",0,0,0,0,0,0.0110942596597475
"將<b7>",0,0,0,0,0,0.0110942596597475
"情緒",0,0,0,0,0,0.0110942596597475
"排名第",0,0,0,0,0,0.0221885193194949
"教科書",0,0,0,0,0,0.0110942596597475
"第二天",0,0,0,0,0,0.0110942596597475
"速度",0,0,0,0,0,0.0110942596597475
"創新者",0,0,0,0,0,0.0110942596597475
"報告",0,0,0,0,0,0.0332827789792424
"意<c4>",0,0,0,0,0,0.0110942596597475
"新<a4>",0,0,0,0,0,0.0110942596597475
"義大利",0,0,0,0,0,0.0110942596597475
"試驗",0,0,0,0,0,0.0110942596597475
"農村",0,0,0,0,0,0.0110942596597475
"實施",0,0,0,0,0,0.0110942596597475
"態度",0,0,0,0,0,0.0332827789792424
"監管",0,0,0,0,0,0.0110942596597475
"領導者",0,0,0,0,0,0.0110942596597475
"層面",0,0,0,0,0,0.0110942596597475
"數位",0,0,0,0,0,0.0665655579584847
"樂<c6>",0,0,0,0,0,0.0332827789792424
"課堂",0,0,0,0,0,0.0110942596597475
"課<b5>",0,0,0,0,0,0.0110942596597475
"適合",0,0,0,0,0,0.0110942596597475
"儘管",0,0,0,0,0,0.0110942596597475
"學生",0,0,0,0,0,0.0110942596597475
"擔心",0,0,0,0,0,0.0110942596597475
"澳洲",0,0,0,0,0,0.0110942596597475
"積極",0,0,0,0,0,0.0110942596597475
"醞釀",0,0,0,0,0,0.0110942596597475
"歸<a5>",0,0,0,0,0,0.0110942596597475
"豐富",0,0,0,0,0,0.0110942596597475
"龐大",0,0,0,0,0,0.0110942596597475
"關於",0,0,0,0,0,0.0110942596597475
"體系",0,0,0,0,0,0.0110942596597475
